articleCode,onClick,link,title,category,image,legalText,promotionalMarkerText,showPromotionalClubMarker,showPriceMarker,favouritesTracking,favouritesSavedText,favouritesNotSavedText,marketingMarkerText,marketingMarkerType,marketingMarkerCss,price,redPrice,yellowPrice,bluePrice,clubPriceText,sellingAttribute,swatchesTotal,swatches,preAccessStartDate,preAccessEndDate,preAccessGroups,outOfStockText,comingSoon,brandName,damStyleWith,fabric
1201978001,"setOsaParameters(utag_data.category_id,'SMALL','1201978001'); setNotificationTicket('Oy9wbHAvcHJvZHVjdC1saXN0LXdpdGgtY291bnQvcHJvZHVjdC1saXN0OyM7cHJvZHVjdF9rZXk7MTIwMTk3OF9ncm91cF8wMDFfZW5fZ2I7MTIwMTk3ODAwMV9lbl9nYjtPQkpFQ1RJVkUkO05PTkU6Tk9ORTs5NTs','1201978001');",/en_gb/productpage.1201978001.html,Waisted blazer,ladies_blazers,"[{'src': '//lp2.hm.com/hmgoepprod?set=source[/3f/32/3f3204aeeaa3cd09081621702bdd2750d938c803.jpg],origin[dam],category[],type[LOOKBOOK],res[m],hmver[1]&call=url[file:/product/style]', 'dataAltImage': '//lp2.hm.com/hmgoepprod?set=source[/ef/ff/efff4abb4ef6143d8a14d9a70aeb70b754c08f94.jpg],origin[dam],category[],type[DESCRIPTIVESTILLLIFE],res[m],hmver[2]&call=url[file:/product/style]', 'alt': 'Waisted blazer Model', 'dataAltText': 'Waisted blazer'}]",,,False,False,Favourites|1201978001|Waisted blazer|LADIES_NEWARRIVALS : CLOTHING_CLOTHING : VIEWALL_VIEW_ALL,SAVED AS FAVOURITE,SAVE AS FAVOURITE,,,,£84.99,,,,,New Arrival,1,"[{'colorCode': '#EEECE0', 'articleLink': '/en_gb/productpage.1201978001.html', 'colorName': 'Cream'}]",,,[],,,H&M,,",[Shell] Polyester 80%, Viscose 18%, Elastane 2% ,[Lining] Polyester 52%, Viscose 48% , [Recycled] Recycled polyester 50%"
1196739001,"setOsaParameters(utag_data.category_id,'SMALL','1196739001'); setNotificationTicket('Oy9wbHAvcHJvZHVjdC1saXN0LXdpdGgtY291bnQvcHJvZHVjdC1saXN0OyM7cHJvZHVjdF9rZXk7MTE5NjczOV9ncm91cF8wMDFfZW5fZ2I7MTE5NjczOTAwMV9lbl9nYjtPQkpFQ1RJVkUkO05PTkU6Tk9ORTs5NTs','1196739001');",/en_gb/productpage.1196739001.html,Tailored jersey trousers,ladies_trousers_wideleg,"[{'src': '//lp2.hm.com/hmgoepprod?set=source[/0c/61/0c611ac504b42dd011b777ac41811f20b8a263b4.jpg],origin[dam],category[],type[LOOKBOOK],res[m],hmver[1]&call=url[file:/product/style]', 'dataAltImage': '//lp2.hm.com/hmgoepprod?set=source[/4d/37/4d37016a3fede566743f574a60b63842140320c5.jpg],origin[dam],category[],type[DESCRIPTIVESTILLLIFE],res[m],hmver[2]&call=url[file:/product/style]', 'alt': 'Tailored jersey trousers Model', 'dataAltText': 'Tailored jersey trousers'}]",,,False,False,Favourites|1196739001|Tailored jersey trousers|LADIES_NEWARRIVALS : CLOTHING_CLOTHING : VIEWALL_VIEW_ALL,SAVED AS FAVOURITE,SAVE AS FAVOURITE,,,,£44.99,,,,,New Arrival,1,"[{'colorCode': '#272628', 'articleLink': '/en_gb/productpage.1196739001.html', 'colorName': 'Black'}]",,,[],,,H&M,"1158823001,1195644001,1123435001",",[Material] Polyester 73%, Viscose 21%, Elastane 6%"
1195644001,"setOsaParameters(utag_data.category_id,'SMALL','1195644001'); setNotificationTicket('Oy9wbHAvcHJvZHVjdC1saXN0LXdpdGgtY291bnQvcHJvZHVjdC1saXN0OyM7cHJvZHVjdF9rZXk7MTE5NTY0NF9ncm91cF8wMDFfZW5fZ2I7MTE5NTY0NDAwMV9lbl9nYjtPQkpFQ1RJVkUkO05PTkU6Tk9ORTs5NTs','1195644001');",/en_gb/productpage.1195644001.html,Rib-knit jumper,ladies_cardigansjumpers_jumpers,"[{'src': '//lp2.hm.com/hmgoepprod?set=source[/d2/90/d29095a5d5ddcddf7cae3725e1e3f536e83a9a38.jpg],origin[dam],category[],type[LOOKBOOK],res[m],hmver[1]&call=url[file:/product/style]', 'dataAltImage': '//lp2.hm.com/hmgoepprod?set=source[/4a/30/4a30d3aa755bd01158ddd37f90ec975124d8fab6.jpg],origin[dam],category[],type[DESCRIPTIVESTILLLIFE],res[m],hmver[2]&call=url[file:/product/style]', 'alt': 'Rib-knit jumper Model', 'dataAltText': 'Rib-knit jumper'}]",,,False,False,Favourites|1195644001|Rib-knit jumper|LADIES_NEWARRIVALS : CLOTHING_CLOTHING : VIEWALL_VIEW_ALL,SAVED AS FAVOURITE,SAVE AS FAVOURITE,,,,£42.99,,,,,New Arrival,2,"[{'colorCode': '#272628', 'articleLink': '/en_gb/productpage.1195644001.html', 'colorName': 'Black'}, {'colorCode': '#EEEDE1', 'articleLink': '/en_gb/productpage.1195644002.html', 'colorName': 'Cream'}]",,,[],,,H&M,1205625001,",[Material] Viscose 65%, Polyamide 35%"
1198948002,"setOsaParameters(utag_data.category_id,'SMALL','1198948002'); setNotificationTicket('Oy9wbHAvcHJvZHVjdC1saXN0LXdpdGgtY291bnQvcHJvZHVjdC1saXN0OyM7cHJvZHVjdF9rZXk7MTE5ODk0OF9ncm91cF8wMDJfZW5fZ2I7MTE5ODk0ODAwMl9lbl9nYjtPQkpFQ1RJVkUkO05PTkU6Tk9ORTs5NTs','1198948002');",/en_gb/productpage.1198948002.html,Twist-detail dress,ladies_dresses_mididresses,"[{'src': '//lp2.hm.com/hmgoepprod?set=source[/38/2f/382f9c8a18a91e9c764ffb3a8a39afd6fc4b33b6.jpg],origin[dam],category[],type[LOOKBOOK],res[m],hmver[1]&call=url[file:/product/style]', 'dataAltImage': '//lp2.hm.com/hmgoepprod?set=source[/b2/7a/b27ad84c5264a272b69b4c81ac7aed378847479d.jpg],origin[dam],category[ladies_dresses_mididresses],type[DESCRIPTIVESTILLLIFE],res[m],hmver[2]&call=url[file:/product/style]', 'alt': 'Twist-detail dress Model', 'dataAltText': 'Twist-detail dress'}]",,,False,False,Favourites|1198948002|Twist-detail dress|LADIES_NEWARRIVALS : CLOTHING_CLOTHING : VIEWALL_VIEW_ALL,SAVED AS FAVOURITE,SAVE AS FAVOURITE,,,,£59.99,,,,,New Arrival,2,"[{'colorCode': '#272628', 'articleLink': '/en_gb/productpage.1198948002.html', 'colorName': 'Black'}, {'colorCode': '#463D4A', 'articleLink': '/en_gb/productpage.1198948001.html', 'colorName': 'Purple/Floral'}]",,,[],,,H&M,"1210211001,1175523001",",[Shell] Lyocell 86%, Polyester 14% ,[Lining] Polyester 100% , [Recycled] Recycled polyester 7%"
1196743001,"setOsaParameters(utag_data.category_id,'SMALL','1196743001'); setNotificationTicket('Oy9wbHAvcHJvZHVjdC1saXN0LXdpdGgtY291bnQvcHJvZHVjdC1saXN0OyM7cHJvZHVjdF9rZXk7MTE5Njc0M19ncm91cF8wMDFfZW5fZ2I7MTE5Njc0MzAwMV9lbl9nYjtPQkpFQ1RJVkUkO05PTkU6Tk9ORTs5NTs','1196743001');",/en_gb/productpage.1196743001.html,Draped bandeau top,ladies_tops,"[{'src': '//lp2.hm.com/hmgoepprod?set=source[/99/ec/99ec977d2106c0de043673614b5be62f5daa8e90.jpg],origin[dam],category[],type[LOOKBOOK],res[m],hmver[1]&call=url[file:/product/style]', 'dataAltImage': '//lp2.hm.com/hmgoepprod?set=source[/44/02/440293c325bd4a523ede110dbe867731f2ecd227.jpg],origin[dam],category[],type[DESCRIPTIVESTILLLIFE],res[m],hmver[2]&call=url[file:/product/style]', 'alt': 'Draped bandeau top Model', 'dataAltText': 'Draped bandeau top'}]",,,False,False,Favourites|1196743001|Draped bandeau top|LADIES_NEWARRIVALS : CLOTHING_CLOTHING : VIEWALL_VIEW_ALL,SAVED AS FAVOURITE,SAVE AS FAVOURITE,,,,£37.99,,,,,New Arrival,1,"[{'colorCode': '#272628', 'articleLink': '/en_gb/productpage.1196743001.html', 'colorName': 'Black'}]",,,[],,,H&M,"1158823001,1210211001,1196739001",",[Material] Polyester 94%, Elastane 6%"
1200090001,"setOsaParameters(utag_data.category_id,'SMALL','1200090001'); setNotificationTicket('Oy9wbHAvcHJvZHVjdC1saXN0LXdpdGgtY291bnQvcHJvZHVjdC1saXN0OyM7cHJvZHVjdF9rZXk7MTIwMDA5MF9ncm91cF8wMDFfZW5fZ2I7MTIwMDA5MDAwMV9lbl9nYjtPQkpFQ1RJVkUkO05PTkU6Tk9ORTs5NTs','1200090001');",/en_gb/productpage.1200090001.html,Rib-knit one-shoulder dress,ladies_dresses_bodycon,"[{'src': '//lp2.hm.com/hmgoepprod?set=source[/8e/90/8e905462866bb549c1293e56e8ce38ca4f63821a.jpg],origin[dam],category[],type[LOOKBOOK],res[m],hmver[1]&call=url[file:/product/style]', 'dataAltImage': '//lp2.hm.com/hmgoepprod?set=source[/a7/54/a75423bff66d3201f58781af87be61e24e304da7.jpg],origin[dam],category[],type[DESCRIPTIVESTILLLIFE],res[m],hmver[2]&call=url[file:/product/style]', 'alt': 'Rib-knit one-shoulder dress Model', 'dataAltText': 'Rib-knit one-shoulder dress'}]",,,False,False,Favourites|1200090001|Rib-knit one-shoulder dress|LADIES_NEWARRIVALS : CLOTHING_CLOTHING : VIEWALL_VIEW_ALL,SAVED AS FAVOURITE,SAVE AS FAVOURITE,,,,£54.99,,,,,New Arrival,1,"[{'colorCode': '#DFD8C9', 'articleLink': '/en_gb/productpage.1200090001.html', 'colorName': 'Light beige'}]",,,[],,,H&M,1181452003,",[Material] Viscose 61%, Polyamide 26%, Polyester 13%"
1196074003,"setOsaParameters(utag_data.category_id,'SMALL','1196074003'); setNotificationTicket('Oy9wbHAvcHJvZHVjdC1saXN0LXdpdGgtY291bnQvcHJvZHVjdC1saXN0OyM7cHJvZHVjdF9rZXk7MTE5NjA3NF9ncm91cF8wMDNfZW5fZ2I7MTE5NjA3NDAwM19lbl9nYjtPQkpFQ1RJVkUkO05PTkU6Tk9ORTs5NTs','1196074003');",/en_gb/productpage.1196074003.html,Wide Regular Jeans,ladies_divided_jeans_loose,"[{'src': '//lp2.hm.com/hmgoepprod?set=source[/3c/7d/3c7dbb5cfcb524a85a588cc14fda39ed07191bbc.jpg],origin[dam],category[],type[LOOKBOOK],res[m],hmver[2]&call=url[file:/product/style]', 'dataAltImage': '//lp2.hm.com/hmgoepprod?set=source[/bb/24/bb24bf40fecc4dfeb988f6c992f081c22f4a4517.jpg],origin[dam],category[ladies_divided_jeans_loose],type[DESCRIPTIVESTILLLIFE],res[m],hmver[2]&call=url[file:/product/style]', 'alt': 'Wide Regular Jeans Model', 'dataAltText': 'Wide Regular Jeans'}]",,,False,False,Favourites|1196074003|Wide Regular Jeans|LADIES_NEWARRIVALS : CLOTHING_CLOTHING : VIEWALL_VIEW_ALL,SAVED AS FAVOURITE,SAVE AS FAVOURITE,,,,£44.99,,,,,New Arrival,1,"[{'colorCode': '#798DB2', 'articleLink': '/en_gb/productpage.1196074003.html', 'colorName': 'Light denim blue'}]",,,[],,,H&M,"1201978001,1158823002,1131978001",",[Material] Cotton 100%"
1195644002,"setOsaParameters(utag_data.category_id,'SMALL','1195644002'); setNotificationTicket('Oy9wbHAvcHJvZHVjdC1saXN0LXdpdGgtY291bnQvcHJvZHVjdC1saXN0OyM7cHJvZHVjdF9rZXk7MTE5NTY0NF9ncm91cF8wMDJfZW5fZ2I7MTE5NTY0NDAwMl9lbl9nYjtPQkpFQ1RJVkUkO05PTkU6Tk9ORTs5NTs','1195644002');",/en_gb/productpage.1195644002.html,Rib-knit jumper,ladies_cardigansjumpers_jumpers,"[{'src': '//lp2.hm.com/hmgoepprod?set=source[/43/24/4324e0b5008de894682e82c8042c6c1fc1106b56.jpg],origin[dam],category[],type[LOOKBOOK],res[m],hmver[1]&call=url[file:/product/style]', 'dataAltImage': '//lp2.hm.com/hmgoepprod?set=source[/23/b6/23b6c04ab3d78cd9a7f0b3965e58776f17bdc87d.jpg],origin[dam],category[],type[DESCRIPTIVESTILLLIFE],res[m],hmver[2]&call=url[file:/product/style]', 'alt': 'Rib-knit jumper Model', 'dataAltText': 'Rib-knit jumper'}]",,,False,False,Favourites|1195644002|Rib-knit jumper|LADIES_NEWARRIVALS : CLOTHING_CLOTHING : VIEWALL_VIEW_ALL,SAVED AS FAVOURITE,SAVE AS FAVOURITE,,,,£42.99,,,,,New Arrival,2,"[{'colorCode': '#EEEDE1', 'articleLink': '/en_gb/productpage.1195644002.html', 'colorName': 'Cream'}, {'colorCode': '#272628', 'articleLink': '/en_gb/productpage.1195644001.html', 'colorName': 'Black'}]",,,[],,,H&M,"1196074003,1197624001,1158823002,1182167003,1131978001",",[Material] Viscose 65%, Polyamide 35%"
1200933001,"setOsaParameters(utag_data.category_id,'SMALL','1200933001'); setNotificationTicket('Oy9wbHAvcHJvZHVjdC1saXN0LXdpdGgtY291bnQvcHJvZHVjdC1saXN0OyM7cHJvZHVjdF9rZXk7MTIwMDkzM19ncm91cF8wMDFfZW5fZ2I7MTIwMDkzMzAwMV9lbl9nYjtPQkpFQ1RJVkUkO05PTkU6Tk9ORTs5NTs','1200933001');",/en_gb/productpage.1200933001.html,Circular skirt,Ladies_skirts_highwaisted,"[{'src': '//lp2.hm.com/hmgoepprod?set=source[/3f/43/3f4315933be865a98beda6a107ae15c0909a052c.jpg],origin[dam],category[],type[LOOKBOOK],res[m],hmver[1]&call=url[file:/product/style]', 'dataAltImage': '//lp2.hm.com/hmgoepprod?set=source[/94/4d/944dd259a98fc7145894b121339b0273b61ba763.jpg],origin[dam],category[],type[DESCRIPTIVESTILLLIFE],res[m],hmver[3]&call=url[file:/product/style]', 'alt': 'Circular skirt Model', 'dataAltText': 'Circular skirt'}]",,,False,False,Favourites|1200933001|Circular skirt|LADIES_NEWARRIVALS : CLOTHING_CLOTHING : VIEWALL_VIEW_ALL,SAVED AS FAVOURITE,SAVE AS FAVOURITE,,,,£54.99,,,,,New Arrival,1,"[{'colorCode': '#272628', 'articleLink': '/en_gb/productpage.1200933001.html', 'colorName': 'Black'}]",,,[],,,H&M,"1196743001,1201193001,1182167001,1161974001",",[Material] Cotton 100%"
1209189001,"setOsaParameters(utag_data.category_id,'SMALL','1209189001'); setNotificationTicket('Oy9wbHAvcHJvZHVjdC1saXN0LXdpdGgtY291bnQvcHJvZHVjdC1saXN0OyM7cHJvZHVjdF9rZXk7MTIwOTE4OV9ncm91cF8wMDFfZW5fZ2I7MTIwOTE4OTAwMV9lbl9nYjtPQkpFQ1RJVkUkO05PTkU6Tk9ORTs5NTs','1209189001');",/en_gb/productpage.1209189001.html,Flounce-trimmed blouse,ladies_shirtsblouses_blouses,"[{'src': '//lp2.hm.com/hmgoepprod?set=source[/d6/da/d6daadaa897e1b6814c221ebde787d2289c45127.jpg],origin[dam],category[],type[LOOKBOOK],res[m],hmver[2]&call=url[file:/product/style]', 'dataAltImage': '//lp2.hm.com/hmgoepprod?set=source[/67/e9/67e9cc2982d7ae91eb4a3edc98a3de2d5a57eda3.jpg],origin[dam],category[],type[DESCRIPTIVESTILLLIFE],res[m],hmver[2]&call=url[file:/product/style]', 'alt': 'Flounce-trimmed blouse Model', 'dataAltText': 'Flounce-trimmed blouse'}]",,,False,False,Favourites|1209189001|Flounce-trimmed blouse|LADIES_NEWARRIVALS : CLOTHING_CLOTHING : VIEWALL_VIEW_ALL,SAVED AS FAVOURITE,SAVE AS FAVOURITE,,,,£44.99,,,,,New Arrival,1,"[{'colorCode': '#EFE7C2', 'articleLink': '/en_gb/productpage.1209189001.html', 'colorName': 'Light beige'}]",,,[],,,H&M,,",[Material] Lyocell 74%, Polyester 19%, Linen 7%"
0827332149,"setOsaParameters(utag_data.category_id,'SMALL','0827332149'); setNotificationTicket('Oy9wbHAvcHJvZHVjdC1saXN0LXdpdGgtY291bnQvcHJvZHVjdC1saXN0OyM7cHJvZHVjdF9rZXk7MDgyNzMzMl9ncm91cF8xNDlfZW5fZ2I7MDgyNzMzMjE0OV9lbl9nYjtPQkpFQ1RJVkUkO05PTkU6Tk9ORTs0OTs','0827332149');",/en_gb/productpage.0827332149.html,Soft long-sleeve top,ladies_tops_longsleeve,"[{'src': '//lp.monki.com/app002prod?set=source[/1e/e2/1ee21be20addba0e373c75e2fb9717de39f46c4f.jpg],origin[dam],category[ladies_tops_longsleeve],type[LOOKBOOK],res[m],hmver[1],target[hm.com]&call=url[file:/product/style]', 'dataAltImage': '//lp.monki.com/app002prod?set=source[/2d/a9/2da931a4214529f2dfa71e3253bb27718ee46fe5.jpg],origin[dam],category[ladies_tops_longsleeve],type[DESCRIPTIVESTILLLIFE],res[m],hmver[2],target[hm.com]&call=url[file:/product/style]', 'alt': 'Soft long-sleeve top Model', 'dataAltText': 'Soft long-sleeve top'}]",,,False,False,Favourites|0827332149|Soft long-sleeve top|LADIES_NEWARRIVALS : CLOTHING_CLOTHING : VIEWALL_VIEW_ALL,SAVED AS FAVOURITE,SAVE AS FAVOURITE,,,,£17.99,,,,,New Arrival,12,"[{'colorCode': '#B32B34', 'articleLink': '/en_gb/productpage.0827332149.html', 'colorName': 'Pink & red'}, {'colorCode': '#272628', 'articleLink': '/en_gb/productpage.0827332001.html', 'colorName': 'Black and white stripes'}, {'colorCode': '#5B9C60', 'articleLink': '/en_gb/productpage.0827332116.html', 'colorName': 'Purple & green'}, {'colorCode': '#5B9C60', 'articleLink': '/en_gb/productpage.0827332118.html', 'colorName': 'Off-white with green stripes'}]",,,[],,,Monki,,",[Material] Modal 50%, Cotton 50%"
1199733001,"setOsaParameters(utag_data.category_id,'SMALL','1199733001'); setNotificationTicket('Oy9wbHAvcHJvZHVjdC1saXN0LXdpdGgtY291bnQvcHJvZHVjdC1saXN0OyM7cHJvZHVjdF9rZXk7MTE5OTczM19ncm91cF8wMDFfZW5fZ2I7MTE5OTczMzAwMV9lbl9nYjtPQkpFQ1RJVkUkO05PTkU6Tk9ORTs0OTs','1199733001');",/en_gb/productpage.1199733001.html,Ribbed bodycon dress,ladies_divided_dresses,"[{'src': '//lp2.hm.com/hmgoepprod?set=source[/73/2f/732f2d33c9f46cfc0f781192194c96c572142d0f.jpg],origin[dam],category[],type[LOOKBOOK],res[m],hmver[1]&call=url[file:/product/style]', 'dataAltImage': '//lp2.hm.com/hmgoepprod?set=source[/b5/3b/b53bff05e3cfa3ef188999d9e77fc80d6ddda4d0.jpg],origin[dam],category[],type[DESCRIPTIVESTILLLIFE],res[m],hmver[2]&call=url[file:/product/style]', 'alt': 'Ribbed bodycon dress Model', 'dataAltText': 'Ribbed bodycon dress'}]",,,False,False,Favourites|1199733001|Ribbed bodycon dress|LADIES_NEWARRIVALS : CLOTHING_CLOTHING : VIEWALL_VIEW_ALL,SAVED AS FAVOURITE,SAVE AS FAVOURITE,,,,£24.99,,,,,New Arrival,1,"[{'colorCode': '#BCBDBE', 'articleLink': '/en_gb/productpage.1199733001.html', 'colorName': 'Light grey'}]",,,[],,,H&M,"1054358005,1165842002",",[Material] Polyester 96%, Elastane 4%"
1167210004,"setOsaParameters(utag_data.category_id,'SMALL','1167210004'); setNotificationTicket('Oy9wbHAvcHJvZHVjdC1saXN0LXdpdGgtY291bnQvcHJvZHVjdC1saXN0OyM7cHJvZHVjdF9rZXk7MTE2NzIxMF9ncm91cF8wMDRfZW5fZ2I7MTE2NzIxMDAwNF9lbl9nYjtPQkpFQ1RJVkUkO05PTkU6Tk9ORTs0OTs','1167210004');",/en_gb/productpage.1167210004.html,Satin slip dress,ladies_divided_dresses,"[{'src': '//lp2.hm.com/hmgoepprod?set=source[/04/a2/04a2aff6bc78dec2a4e5204010c80bcfdbf0a5df.jpg],origin[dam],category[],type[LOOKBOOK],res[m],hmver[2]&call=url[file:/product/style]', 'dataAltImage': '//lp2.hm.com/hmgoepprod?set=source[/b6/d8/b6d87cd19e73eb2094c76743a39d31a14ce43435.jpg],origin[dam],category[ladies_divided_dresses],type[DESCRIPTIVESTILLLIFE],res[m],hmver[2]&call=url[file:/product/style]', 'alt': 'Satin slip dress Model', 'dataAltText': 'Satin slip dress'}]",,,False,False,Favourites|1167210004|Satin slip dress|LADIES_NEWARRIVALS : CLOTHING_CLOTHING : VIEWALL_VIEW_ALL,SAVED AS FAVOURITE,SAVE AS FAVOURITE,,,,£24.99,,,,,New Arrival,3,"[{'colorCode': '#D8C3C2', 'articleLink': '/en_gb/productpage.1167210004.html', 'colorName': 'Light pink'}, {'colorCode': '#BCBDBE', 'articleLink': '/en_gb/productpage.1167210001.html', 'colorName': 'Light grey'}, {'colorCode': '#272628', 'articleLink': '/en_gb/productpage.1167210003.html', 'colorName': 'Black'}]",,,[],,,H&M,"1165972001,1195706002",",[Shell] Polyester 100% ,[Lining] Polyester 100% , [Recycled] Recycled polyester from textiles 95%, Recycled polyester 4%"
1170923003,"setOsaParameters(utag_data.category_id,'SMALL','1170923003'); setNotificationTicket('Oy9wbHAvcHJvZHVjdC1saXN0LXdpdGgtY291bnQvcHJvZHVjdC1saXN0OyM7cHJvZHVjdF9rZXk7MTE3MDkyM19ncm91cF8wMDNfZW5fZ2I7MTE3MDkyMzAwM19lbl9nYjtPQkpFQ1RJVkUkO05PTkU6Tk9ORTs0OTs','1170923003');",/en_gb/productpage.1170923003.html,Knitted Cardigan ,ladies_cardigansjumpers_cardigans,"[{'src': '//lp.stories.com/app005prod?set=source[/e5/35/e535bde0b5bbb31306523d0ee15bc62a679ad811.jpg],origin[dam],category[],type[LOOKBOOK],res[m],hmver[1],target[hm.com]&call=url[file:/product/style]', 'dataAltImage': '//lp.stories.com/app005prod?set=source[/db/2b/db2bb7815a82e1b0dd6139f1a2354dde776d5509.jpg],origin[dam],category[],type[DESCRIPTIVESTILLLIFE],res[m],hmver[2],target[hm.com]&call=url[file:/product/style]', 'alt': 'Knitted Cardigan  Model', 'dataAltText': 'Knitted Cardigan '}]",,,False,False,Favourites|1170923003|Knitted Cardigan |LADIES_NEWARRIVALS : CLOTHING_CLOTHING : VIEWALL_VIEW_ALL,SAVED AS FAVOURITE,SAVE AS FAVOURITE,& Other Stories,marker-designer-collection,,£75.00,,,,,New Arrival,3,"[{'colorCode': '#BEAEB3', 'articleLink': '/en_gb/productpage.1170923003.html', 'colorName': 'Light Pink Melange'}, {'colorCode': '#94989F', 'articleLink': '/en_gb/productpage.1170923001.html', 'colorName': 'Light Grey Melange'}, {'colorCode': '#9E948F', 'articleLink': '/en_gb/productpage.1170923002.html', 'colorName': 'Light Brown Melange'}]",,,[],,,& Other Stories,"1123981001,1181853002,1183067001,1117556001,1183067002",",[Shell] Alpaca 52%, Polyamide 45%, Elastane 3% "
1046226013,"setOsaParameters(utag_data.category_id,'SMALL','1046226013'); setNotificationTicket('Oy9wbHAvcHJvZHVjdC1saXN0LXdpdGgtY291bnQvcHJvZHVjdC1saXN0OyM7cHJvZHVjdF9rZXk7MTA0NjIyNl9ncm91cF8wMTNfZW5fZ2I7MTA0NjIyNjAxM19lbl9nYjtPQkpFQ1RJVkUkO05PTkU6Tk9ORTs0OTs','1046226013');",/en_gb/productpage.1046226013.html,Bikini top,ladies_swimwear_bikinisets_tops,"[{'src': '//lp2.hm.com/hmgoepprod?set=source[/d2/ee/d2ee6b430251e557deae6328e580ef7d6a3839c6.jpg],origin[dam],category[],type[LOOKBOOK],res[m],hmver[1]&call=url[file:/product/style]', 'dataAltImage': '//lp2.hm.com/hmgoepprod?set=source[/a8/e9/a8e92aad8898cab169eaf4e7787554785f32cacc.jpg],origin[dam],category[ladies_swimwear_bikinisets_tops],type[DESCRIPTIVESTILLLIFE],res[m],hmver[2]&call=url[file:/product/style]', 'alt': 'Bikini top Model', 'dataAltText': 'Bikini top'}]",,,False,False,Favourites|1046226013|Bikini top|LADIES_NEWARRIVALS : CLOTHING_CLOTHING : VIEWALL_VIEW_ALL,SAVED AS FAVOURITE,SAVE AS FAVOURITE,,,,£9.99,,,,,New Arrival,4,"[{'colorCode': '#675796', 'articleLink': '/en_gb/productpage.1046226013.html', 'colorName': 'Purple/Glittery'}, {'colorCode': '#272628', 'articleLink': '/en_gb/productpage.1046226008.html', 'colorName': 'Black'}, {'colorCode': '#C25A8E', 'articleLink': '/en_gb/productpage.1046226009.html', 'colorName': 'Pink/Patterned'}, {'colorCode': '#374083', 'articleLink': '/en_gb/productpage.1046226015.html', 'colorName': 'Bright blue/Striped'}]",,,[],,,H&M,"1129923006,0953737021,1129923002",",[Shell] Polyamide 76%, Elastane 14%, Metallised fibre 10% ,[Lining] Polyester 88%, Elastane 12% "
1141161011,"setOsaParameters(utag_data.category_id,'SMALL','1141161011'); setNotificationTicket('Oy9wbHAvcHJvZHVjdC1saXN0LXdpdGgtY291bnQvcHJvZHVjdC1saXN0OyM7cHJvZHVjdF9rZXk7MTE0MTE2MV9ncm91cF8wMTFfZW5fZ2I7MTE0MTE2MTAxMV9lbl9nYjtPQkpFQ1RJVkUkO05PTkU6Tk9ORTs0OTs','1141161011');",/en_gb/productpage.1141161011.html,Slim Fitted T-shirt,ladies_divided_brands_weekday,"[{'src': '//lp.weekday.com/app003prod?set=source[/11/d2/11d2e0d3951b756bf54c9d0a6410b8409ff58701.jpg],origin[dam],category[ladies_divided_brands_weekday],type[LOOKBOOK],res[m],hmver[1],target[hm.com]&call=url[file:/product/style]', 'dataAltImage': '//lp.weekday.com/app003prod?set=source[/1e/86/1e86137184ef96e3b647ffed13971a7b149e1cfc.jpg],origin[dam],category[ladies_divided_brands_weekday],type[DESCRIPTIVESTILLLIFE],res[m],hmver[2],target[hm.com]&call=url[file:/product/style]', 'alt': 'Slim Fitted T-shirt Model', 'dataAltText': 'Slim Fitted T-shirt'}]",,,False,False,Favourites|1141161011|Slim Fitted T-shirt|LADIES_NEWARRIVALS : CLOTHING_CLOTHING : VIEWALL_VIEW_ALL,SAVED AS FAVOURITE,SAVE AS FAVOURITE,Weekday,marker-designer-collection,,£11.50,,,,,New Arrival,7,"[{'colorCode': '#39444B', 'articleLink': '/en_gb/productpage.1141161011.html', 'colorName': 'Dark Green'}, {'colorCode': '#272628', 'articleLink': '/en_gb/productpage.1141161001.html', 'colorName': 'Black'}, {'colorCode': '#AFAFAF', 'articleLink': '/en_gb/productpage.1141161002.html', 'colorName': 'Grey'}, {'colorCode': '#FFFFFF', 'articleLink': '/en_gb/productpage.1141161004.html', 'colorName': 'White'}]",,,[],,,Weekday,"1194556001,0816608001",",[Base fabric] Cotton 87%, Elastane 13% "
1178552002,"setOsaParameters(utag_data.category_id,'SMALL','1178552002'); setNotificationTicket('Oy9wbHAvcHJvZHVjdC1saXN0LXdpdGgtY291bnQvcHJvZHVjdC1saXN0OyM7cHJvZHVjdF9rZXk7MTE3ODU1Ml9ncm91cF8wMDJfZW5fZ2I7MTE3ODU1MjAwMl9lbl9nYjtPQkpFQ1RJVkUkO05PTkU6Tk9ORTs0OTs','1178552002');",/en_gb/productpage.1178552002.html,Oversized dress,ladies_dresses_shortdresses,"[{'src': '//lp2.hm.com/hmgoepprod?set=source[/c5/3c/c53c397690762b7f22992201d61d07f3222d5de9.jpg],origin[dam],category[],type[LOOKBOOK],res[m],hmver[1]&call=url[file:/product/style]', 'dataAltImage': '//lp2.hm.com/hmgoepprod?set=source[/be/7d/be7d2ef26c8e1e7e5091516119391da0272312c3.jpg],origin[dam],category[],type[DESCRIPTIVESTILLLIFE],res[m],hmver[2]&call=url[file:/product/style]', 'alt': 'Oversized dress Model', 'dataAltText': 'Oversized dress'}]",,,False,False,Favourites|1178552002|Oversized dress|LADIES_NEWARRIVALS : CLOTHING_CLOTHING : VIEWALL_VIEW_ALL,SAVED AS FAVOURITE,SAVE AS FAVOURITE,,,,£18.99,,,,,New Arrival,2,"[{'colorCode': '#272628', 'articleLink': '/en_gb/productpage.1178552002.html', 'colorName': 'Cream/Black patterned'}, {'colorCode': '#C7B9AB', 'articleLink': '/en_gb/productpage.1178552003.html', 'colorName': 'Light beige/Patterned'}]",,,[],,,H&M,1181249001,",[Material] Viscose 82%, Polyamide 18%, [Recycled] LivaEco\u2122 viscose 82%"
1208889001,"setOsaParameters(utag_data.category_id,'SMALL','1208889001'); setNotificationTicket('Oy9wbHAvcHJvZHVjdC1saXN0LXdpdGgtY291bnQvcHJvZHVjdC1saXN0OyM7cHJvZHVjdF9rZXk7MTIwODg4OV9ncm91cF8wMDFfZW5fZ2I7MTIwODg4OTAwMV9lbl9nYjtPQkpFQ1RJVkUkO05PTkU6Tk9ORTs0OTs','1208889001');",/en_gb/productpage.1208889001.html,Draped jersey dress,ladies_dresses_mididresses,"[{'src': '//lp2.hm.com/hmgoepprod?set=source[/50/24/5024e8f3981ac3bdb7f75964ec967363d34b18e2.jpg],origin[dam],category[],type[LOOKBOOK],res[m],hmver[1]&call=url[file:/product/style]', 'dataAltImage': '//lp2.hm.com/hmgoepprod?set=source[/17/c9/17c98113c330630a7e1b571dc67dd556dff6fb17.jpg],origin[dam],category[],type[DESCRIPTIVESTILLLIFE],res[m],hmver[2]&call=url[file:/product/style]', 'alt': 'Draped jersey dress Model', 'dataAltText': 'Draped jersey dress'}]",,,False,False,Favourites|1208889001|Draped jersey dress|LADIES_NEWARRIVALS : CLOTHING_CLOTHING : VIEWALL_VIEW_ALL,SAVED AS FAVOURITE,SAVE AS FAVOURITE,,,,£54.99,,,,,New Arrival,1,"[{'colorCode': '#6B6746', 'articleLink': '/en_gb/productpage.1208889001.html', 'colorName': 'Dark khaki green'}]",,,[],,,H&M,"1170786001,1182788001",",[Material] Polyester 97%, Elastane 3%"
1193362001,"setOsaParameters(utag_data.category_id,'SMALL','1193362001'); setNotificationTicket('Oy9wbHAvcHJvZHVjdC1saXN0LXdpdGgtY291bnQvcHJvZHVjdC1saXN0OyM7cHJvZHVjdF9rZXk7MTE5MzM2Ml9ncm91cF8wMDFfZW5fZ2I7MTE5MzM2MjAwMV9lbl9nYjtPQkpFQ1RJVkUkO05PTkU6Tk9ORTs0OTs','1193362001');",/en_gb/productpage.1193362001.html,Ribbed top,ladies_tops_longsleeve,"[{'src': '//lp2.hm.com/hmgoepprod?set=source[/ee/ea/eeeafa8488c2e6b29c71579d596068f8c731bb48.jpg],origin[dam],category[],type[LOOKBOOK],res[m],hmver[1]&call=url[file:/product/style]', 'dataAltImage': '//lp2.hm.com/hmgoepprod?set=source[/8d/7f/8d7f7257a680803f81340edb29aa4d18a7eb7449.jpg],origin[dam],category[],type[DESCRIPTIVESTILLLIFE],res[m],hmver[2]&call=url[file:/product/style]', 'alt': 'Ribbed top Model', 'dataAltText': 'Ribbed top'}]",,,False,False,Favourites|1193362001|Ribbed top|LADIES_NEWARRIVALS : CLOTHING_CLOTHING : VIEWALL_VIEW_ALL,SAVED AS FAVOURITE,SAVE AS FAVOURITE,,,,£18.99,,,,,New Arrival,1,"[{'colorCode': '#272628', 'articleLink': '/en_gb/productpage.1193362001.html', 'colorName': 'White/Black striped'}]",,,[],,,H&M,,",[Material] Cotton 92%, Elastane 8%"
0827332143,"setOsaParameters(utag_data.category_id,'SMALL','0827332143'); setNotificationTicket('Oy9wbHAvcHJvZHVjdC1saXN0LXdpdGgtY291bnQvcHJvZHVjdC1saXN0OyM7cHJvZHVjdF9rZXk7MDgyNzMzMl9ncm91cF8xNDNfZW5fZ2I7MDgyNzMzMjE0M19lbl9nYjtPQkpFQ1RJVkUkO05PTkU6Tk9ORTs0OTs','0827332143');",/en_gb/productpage.0827332143.html,Soft long-sleeve top,ladies_tops_longsleeve,"[{'src': '//lp.monki.com/app002prod?set=source[/29/38/293802e3a10a0f55bb6e42b8f9e082e7b2db47ea.jpg],origin[dam],category[ladies_tops_longsleeve],type[LOOKBOOK],res[m],hmver[1],target[hm.com]&call=url[file:/product/style]', 'dataAltImage': '//lp.monki.com/app002prod?set=source[/09/2f/092fdf493048509db19891cceeee2faab277a445.jpg],origin[dam],category[ladies_tops_longsleeve],type[DESCRIPTIVESTILLLIFE],res[m],hmver[2],target[hm.com]&call=url[file:/product/style]', 'alt': 'Soft long-sleeve top Model', 'dataAltText': 'Soft long-sleeve top'}]",,,False,False,Favourites|0827332143|Soft long-sleeve top|LADIES_NEWARRIVALS : CLOTHING_CLOTHING : VIEWALL_VIEW_ALL,SAVED AS FAVOURITE,SAVE AS FAVOURITE,Monki,marker-designer-collection,,£17.99,,,,,New Arrival,12,"[{'colorCode': '#718D52', 'articleLink': '/en_gb/productpage.0827332143.html', 'colorName': 'Pink & green'}, {'colorCode': '#272628', 'articleLink': '/en_gb/productpage.0827332001.html', 'colorName': 'Black and white stripes'}, {'colorCode': '#5B9C60', 'articleLink': '/en_gb/productpage.0827332116.html', 'colorName': 'Purple & green'}, {'colorCode': '#5B9C60', 'articleLink': '/en_gb/productpage.0827332118.html', 'colorName': 'Off-white with green stripes'}]",,,[],,,Monki,,",[Material] Modal 50%, Cotton 50%"
0962925010,"setOsaParameters(utag_data.category_id,'SMALL','0962925010'); setNotificationTicket('Oy9wbHAvcHJvZHVjdC1saXN0LXdpdGgtY291bnQvcHJvZHVjdC1saXN0OyM7cHJvZHVjdF9rZXk7MDk2MjkyNV9ncm91cF8wMTBfZW5fZ2I7MDk2MjkyNTAxMF9lbl9nYjtPQkpFQ1RJVkUkO05PTkU6Tk9ORTs0NDs','0962925010');",/en_gb/productpage.0962925010.html,Crewneck Cotton T-Shirt,ladies_tops_shortsleeve,"[{'src': '//lp.stories.com/app005prod?set=source[/ed/30/ed30d77b32a95699fc1bda2ac11274cdab08906b.jpg],origin[dam],category[],type[DESCRIPTIVESTILLLIFE],res[m],hmver[2],target[hm.com]&call=url[file:/product/style]', 'dataAltImage': '//lp.stories.com/app005prod?set=source[/ed/30/ed30d77b32a95699fc1bda2ac11274cdab08906b.jpg],origin[dam],category[],type[DESCRIPTIVESTILLLIFE],res[m],hmver[2],target[hm.com]&call=url[file:/product/style]', 'alt': 'Crewneck Cotton T-Shirt Model', 'dataAltText': 'Crewneck Cotton T-Shirt'}]",,,False,False,Favourites|0962925010|Crewneck Cotton T-Shirt|LADIES_NEWARRIVALS : CLOTHING_CLOTHING : VIEWALL_VIEW_ALL,SAVED AS FAVOURITE,SAVE AS FAVOURITE,& Other Stories,marker-designer-collection,,£17.00,,,,,New Arrival,0,[],,,[],,,& Other Stories,,",[Shell] Cotton 100% "
1194002003,"setOsaParameters(utag_data.category_id,'SMALL','1194002003'); setNotificationTicket('Oy9wbHAvcHJvZHVjdC1saXN0LXdpdGgtY291bnQvcHJvZHVjdC1saXN0OyM7cHJvZHVjdF9rZXk7MTE5NDAwMl9ncm91cF8wMDNfZW5fZ2I7MTE5NDAwMjAwM19lbl9nYjtPQkpFQ1RJVkUkO05PTkU6Tk9ORTs0NDs','1194002003');",/en_gb/productpage.1194002003.html,Slim Mock Neck Tank Top,ladies_divided_brands_weekday,"[{'src': '//lp.weekday.com/app003prod?set=source[/98/31/9831d1cd2d258b7820edaf8631e7d2e23875ca0a.jpg],origin[dam],category[],type[LOOKBOOK],res[m],hmver[2],target[hm.com]&call=url[file:/product/style]', 'dataAltImage': '//lp.weekday.com/app003prod?set=source[/94/76/94763b0ae507e1f734f852700296ec838b82d1ee.jpg],origin[dam],category[],type[DESCRIPTIVESTILLLIFE],res[m],hmver[2],target[hm.com]&call=url[file:/product/style]', 'alt': 'Slim Mock Neck Tank Top Model', 'dataAltText': 'Slim Mock Neck Tank Top'}]",,,False,False,Favourites|1194002003|Slim Mock Neck Tank Top|LADIES_NEWARRIVALS : CLOTHING_CLOTHING : VIEWALL_VIEW_ALL,SAVED AS FAVOURITE,SAVE AS FAVOURITE,,,,£11.50,,,,,New Arrival,4,"[{'colorCode': '#3B3D4B', 'articleLink': '/en_gb/productpage.1194002003.html', 'colorName': 'Dark Blue'}, {'colorCode': '#272628', 'articleLink': '/en_gb/productpage.1194002001.html', 'colorName': 'Black'}, {'colorCode': '#FFFFFF', 'articleLink': '/en_gb/productpage.1194002002.html', 'colorName': 'White'}, {'colorCode': '#A4AEA7', 'articleLink': '/en_gb/productpage.1194002004.html', 'colorName': 'Light Dusty Green'}]",,,[],,,Weekday,"1159724001,1170473001,1116966011,1138321001,1198825002",",[Application] Cotton 95%, Elastane 5% "
1182031002,"setOsaParameters(utag_data.category_id,'SMALL','1182031002'); setNotificationTicket('Oy9wbHAvcHJvZHVjdC1saXN0LXdpdGgtY291bnQvcHJvZHVjdC1saXN0OyM7cHJvZHVjdF9rZXk7MTE4MjAzMV9ncm91cF8wMDJfZW5fZ2I7MTE4MjAzMTAwMl9lbl9nYjtPQkpFQ1RJVkUkO05PTkU6Tk9ORTs0NDs','1182031002');",/en_gb/productpage.1182031002.html,Mary Sheer Knitted Sweater,ladies_divided_brands_weekday,"[{'src': '//lp.weekday.com/app003prod?set=source[/34/f8/34f83b1e4d24b17126c3f45a95aa8a1625c0d374.jpg],origin[dam],category[],type[LOOKBOOK],res[m],hmver[1],target[hm.com]&call=url[file:/product/style]', 'dataAltImage': '//lp.weekday.com/app003prod?set=source[/a3/49/a349d84191661155e6e123bfe6834f4a6fd57b40.jpg],origin[dam],category[],type[DESCRIPTIVESTILLLIFE],res[m],hmver[2],target[hm.com]&call=url[file:/product/style]', 'alt': 'Mary Sheer Knitted Sweater Model', 'dataAltText': 'Mary Sheer Knitted Sweater'}]",,,False,False,Favourites|1182031002|Mary Sheer Knitted Sweater|LADIES_NEWARRIVALS : CLOTHING_CLOTHING : VIEWALL_VIEW_ALL,SAVED AS FAVOURITE,SAVE AS FAVOURITE,Weekday,marker-designer-collection,,£37.00,,,,,New Arrival,2,"[{'colorCode': '#EDEEEC', 'articleLink': '/en_gb/productpage.1182031002.html', 'colorName': 'White'}, {'colorCode': '#272628', 'articleLink': '/en_gb/productpage.1182031001.html', 'colorName': 'Black'}]",,,[],,,Weekday,"1194570002,1194556001,1203900001,1125819003",",[Shell] Polyester 100% , [Recycled] Recycled polyester 100%"
1194609001,"setOsaParameters(utag_data.category_id,'SMALL','1194609001'); setNotificationTicket('Oy9wbHAvcHJvZHVjdC1saXN0LXdpdGgtY291bnQvcHJvZHVjdC1saXN0OyM7cHJvZHVjdF9rZXk7MTE5NDYwOV9ncm91cF8wMDFfZW5fZ2I7MTE5NDYwOTAwMV9lbl9nYjtPQkpFQ1RJVkUkO05PTkU6Tk9ORTs0NDs','1194609001');",/en_gb/productpage.1194609001.html,Rachel Tube Midi Skirt,ladies_divided_brands_weekday,"[{'src': '//lp.weekday.com/app003prod?set=source[/78/ad/78ad7d78977334c80fe0e386c49cf68651fd406a.jpg],origin[dam],category[],type[LOOKBOOK],res[m],hmver[1],target[hm.com]&call=url[file:/product/style]', 'dataAltImage': '//lp.weekday.com/app003prod?set=source[/c8/0a/c80ae7ce2437c4734da93d2132de5b4f8f7c6423.jpg],origin[dam],category[],type[DESCRIPTIVESTILLLIFE],res[m],hmver[2],target[hm.com]&call=url[file:/product/style]', 'alt': 'Rachel Tube Midi Skirt Model', 'dataAltText': 'Rachel Tube Midi Skirt'}]",,,False,False,Favourites|1194609001|Rachel Tube Midi Skirt|LADIES_NEWARRIVALS : CLOTHING_CLOTHING : VIEWALL_VIEW_ALL,SAVED AS FAVOURITE,SAVE AS FAVOURITE,Weekday,marker-designer-collection,,£27.00,,,,,New Arrival,1,"[{'colorCode': '#4D4D4B', 'articleLink': '/en_gb/productpage.1194609001.html', 'colorName': 'Dark Grey'}]",,,[],,,Weekday,"1160055004,1172440001,1057762029,1198578005,1099418001,1194555002,1149801001,1141845001",",[Shell] Polyester 76%, Elastane 24% , [Recycled] Recycled polyester 26%"
1193133002,"setOsaParameters(utag_data.category_id,'SMALL','1193133002'); setNotificationTicket('Oy9wbHAvcHJvZHVjdC1saXN0LXdpdGgtY291bnQvcHJvZHVjdC1saXN0OyM7cHJvZHVjdF9rZXk7MTE5MzEzM19ncm91cF8wMDJfZW5fZ2I7MTE5MzEzMzAwMl9lbl9nYjtPQkpFQ1RJVkUkO05PTkU6Tk9ORTs0NDs','1193133002');",/en_gb/productpage.1193133002.html,Drawstring shorts,ladies_divided_brands_monki,"[{'src': '//lp.monki.com/app002prod?set=source[/6d/56/6d569c0b8cafeb051939e9fb8bf727fce985030a.jpg],origin[dam],category[],type[LOOKBOOK],res[m],hmver[1],target[hm.com]&call=url[file:/product/style]', 'dataAltImage': '//lp.monki.com/app002prod?set=source[/75/9e/759ee518bf2a485a402d3c16e658fd696e626dac.jpg],origin[dam],category[],type[DESCRIPTIVESTILLLIFE],res[m],hmver[2],target[hm.com]&call=url[file:/product/style]', 'alt': 'Drawstring shorts Model', 'dataAltText': 'Drawstring shorts'}]",,,False,False,Favourites|1193133002|Drawstring shorts|LADIES_NEWARRIVALS : CLOTHING_CLOTHING : VIEWALL_VIEW_ALL,SAVED AS FAVOURITE,SAVE AS FAVOURITE,,,,£24.99,,,,,New Arrival,2,"[{'colorCode': '#ADA3D1', 'articleLink': '/en_gb/productpage.1193133002.html', 'colorName': 'Lilac'}, {'colorCode': '#272628', 'articleLink': '/en_gb/productpage.1193133001.html', 'colorName': 'Black'}]",,,[],,,H&M,,",[Material] Polyamide 100%"
1194445001,"setOsaParameters(utag_data.category_id,'SMALL','1194445001'); setNotificationTicket('Oy9wbHAvcHJvZHVjdC1saXN0LXdpdGgtY291bnQvcHJvZHVjdC1saXN0OyM7cHJvZHVjdF9rZXk7MTE5NDQ0NV9ncm91cF8wMDFfZW5fZ2I7MTE5NDQ0NTAwMV9lbl9nYjtPQkpFQ1RJVkUkO05PTkU6Tk9ORTs0NDs','1194445001');",/en_gb/productpage.1194445001.html,Zuri Knit Hoodie,ladies_divided_brands_weekday,"[{'src': '//lp.weekday.com/app003prod?set=source[/ed/f4/edf417f656dd7495af410db3b9d66bd934da5331.jpg],origin[dam],category[],type[DESCRIPTIVESTILLLIFE],res[m],hmver[2],target[hm.com]&call=url[file:/product/style]', 'dataAltImage': '//lp.weekday.com/app003prod?set=source[/ed/f4/edf417f656dd7495af410db3b9d66bd934da5331.jpg],origin[dam],category[],type[DESCRIPTIVESTILLLIFE],res[m],hmver[2],target[hm.com]&call=url[file:/product/style]', 'alt': 'Zuri Knit Hoodie Model', 'dataAltText': 'Zuri Knit Hoodie'}]",,,False,False,Favourites|1194445001|Zuri Knit Hoodie|LADIES_NEWARRIVALS : CLOTHING_CLOTHING : VIEWALL_VIEW_ALL,SAVED AS FAVOURITE,SAVE AS FAVOURITE,Weekday,marker-designer-collection,,£55.00,,,,,New Arrival,2,"[{'colorCode': '#A9A69E', 'articleLink': '/en_gb/productpage.1194445001.html', 'colorName': 'Light Mole'}, {'colorCode': '#46433F', 'articleLink': '/en_gb/productpage.1194445002.html', 'colorName': 'Dark Mole'}]",,,[],,,Weekday,,",[Material] Polyester 42%, Polyamide 27%, Wool 22%, Mohair 7%, Elastane 2%, [Recycled] Recycled polyester 42%, Recycled polyamide 27%"
1154439006,"setOsaParameters(utag_data.category_id,'SMALL','1154439006'); setNotificationTicket('Oy9wbHAvcHJvZHVjdC1saXN0LXdpdGgtY291bnQvcHJvZHVjdC1saXN0OyM7cHJvZHVjdF9rZXk7MTE1NDQzOV9ncm91cF8wMDZfZW5fZ2I7MTE1NDQzOTAwNl9lbl9nYjtPQkpFQ1RJVkUkO05PTkU6Tk9ORTs0NDs','1154439006');",/en_gb/productpage.1154439006.html,DryMove™ Sports hoodie,sportswear_women_clothing_tops_longsleeve,"[{'src': '//lp2.hm.com/hmgoepprod?set=source[/21/88/218869a022d5fe0ed425f92ba9abec6dcd08c066.jpg],origin[dam],category[],type[LOOKBOOK],res[m],hmver[1]&call=url[file:/product/style]', 'dataAltImage': '//lp2.hm.com/hmgoepprod?set=source[/4c/64/4c64738063e3748709fcf1513deba0859aaf6975.jpg],origin[dam],category[sportswear_women_clothing_tops_longsleeve],type[DESCRIPTIVESTILLLIFE],res[m],hmver[2]&call=url[file:/product/style]', 'alt': 'DryMove™ Sports hoodie Model', 'dataAltText': 'DryMove™ Sports hoodie'}]",,,False,False,Favourites|1154439006|DryMove™ Sports hoodie|LADIES_NEWARRIVALS : CLOTHING_CLOTHING : VIEWALL_VIEW_ALL,SAVED AS FAVOURITE,SAVE AS FAVOURITE,,,,£37.99,,,,,New Arrival,2,"[{'colorCode': '#3D3737', 'articleLink': '/en_gb/productpage.1154439006.html', 'colorName': 'Dark brown'}, {'colorCode': '#C3BFB5', 'articleLink': '/en_gb/productpage.1154439001.html', 'colorName': 'Light beige'}]",,,[],,,H&M,"1165160002,1166837002",",[Material] Cotton 100%, [Recycled] Organic Cotton 99%"
1038871009,"setOsaParameters(utag_data.category_id,'SMALL','1038871009'); setNotificationTicket('Oy9wbHAvcHJvZHVjdC1saXN0LXdpdGgtY291bnQvcHJvZHVjdC1saXN0OyM7cHJvZHVjdF9rZXk7MTAzODg3MV9ncm91cF8wMDlfZW5fZ2I7MTAzODg3MTAwOV9lbl9nYjtPQkpFQ1RJVkUkO05PTkU6Tk9ORTs0NDs','1038871009');",/en_gb/productpage.1038871009.html,Midi denim skirt,Ladies_skirts_denim,"[{'src': '//lp.monki.com/app002prod?set=source[/19/94/19940836a2c779a5ccee4a7cc1e2effe99c2201a.jpg],origin[dam],category[],type[LOOKBOOK],res[m],hmver[1],target[hm.com]&call=url[file:/product/style]', 'dataAltImage': '//lp.monki.com/app002prod?set=source[/90/1f/901f3b20f1512fecc7abeec5e88f6d1caa0f53cf.jpg],origin[dam],category[Ladies_skirts_denim],type[DESCRIPTIVESTILLLIFE],res[m],hmver[2],target[hm.com]&call=url[file:/product/style]', 'alt': 'Midi denim skirt Model', 'dataAltText': 'Midi denim skirt'}]",,,False,False,Favourites|1038871009|Midi denim skirt|LADIES_NEWARRIVALS : CLOTHING_CLOTHING : VIEWALL_VIEW_ALL,SAVED AS FAVOURITE,SAVE AS FAVOURITE,Monki,marker-designer-collection,,£39.99,,,,,New Arrival,6,"[{'colorCode': '#4C5164', 'articleLink': '/en_gb/productpage.1038871009.html', 'colorName': 'Blue'}, {'colorCode': '#4C5164', 'articleLink': '/en_gb/productpage.1038871004.html', 'colorName': 'Classic blue'}, {'colorCode': '#94989F', 'articleLink': '/en_gb/productpage.1038871005.html', 'colorName': 'Grey'}, {'colorCode': '#AE9F8E', 'articleLink': '/en_gb/productpage.1038871006.html', 'colorName': 'Beige'}]",,,[],,,Monki,,",[Material] Cotton 100%"
1192646002,"setOsaParameters(utag_data.category_id,'SMALL','1192646002'); setNotificationTicket('Oy9wbHAvcHJvZHVjdC1saXN0LXdpdGgtY291bnQvcHJvZHVjdC1saXN0OyM7cHJvZHVjdF9rZXk7MTE5MjY0Nl9ncm91cF8wMDJfZW5fZ2I7MTE5MjY0NjAwMl9lbl9nYjtPQkpFQ1RJVkUkO05PTkU6Tk9ORTs0NDs','1192646002');",/en_gb/productpage.1192646002.html,Eloise Wool Sweater,ladies_divided_brands_weekday,"[{'src': '//lp.weekday.com/app003prod?set=source[/7e/bb/7ebb49967614668d719cbd418d963ed5060cdbeb.jpg],origin[dam],category[],type[DESCRIPTIVESTILLLIFE],res[m],hmver[2],target[hm.com]&call=url[file:/product/style]', 'dataAltImage': '//lp.weekday.com/app003prod?set=source[/7e/bb/7ebb49967614668d719cbd418d963ed5060cdbeb.jpg],origin[dam],category[],type[DESCRIPTIVESTILLLIFE],res[m],hmver[2],target[hm.com]&call=url[file:/product/style]', 'alt': 'Eloise Wool Sweater Model', 'dataAltText': 'Eloise Wool Sweater'}]",,,False,False,Favourites|1192646002|Eloise Wool Sweater|LADIES_NEWARRIVALS : CLOTHING_CLOTHING : VIEWALL_VIEW_ALL,SAVED AS FAVOURITE,SAVE AS FAVOURITE,Weekday,marker-designer-collection,,£59.00,,,,,New Arrival,2,"[{'colorCode': '#5A544D', 'articleLink': '/en_gb/productpage.1192646002.html', 'colorName': 'Dark Mole'}, {'colorCode': '#29272B', 'articleLink': '/en_gb/productpage.1192646001.html', 'colorName': 'Dark Purple'}]",,,[],,,Weekday,,",[Material] Wool 100%"
1175061004,"setOsaParameters(utag_data.category_id,'SMALL','1175061004'); setNotificationTicket('Oy9wbHAvcHJvZHVjdC1saXN0LXdpdGgtY291bnQvcHJvZHVjdC1saXN0OyM7cHJvZHVjdF9rZXk7MTE3NTA2MV9ncm91cF8wMDRfZW5fZ2I7MTE3NTA2MTAwNF9lbl9nYjtPQkpFQ1RJVkUkO05PTkU6Tk9ORTs0NDs','1175061004');",/en_gb/productpage.1175061004.html,Oversized loose knit sweater,ladies_divided_brands_monki,"[{'src': '//lp.monki.com/app002prod?set=source[/ae/13/ae13efe58db70cb6d5142f40280fb4a0a9f988ea.jpg],origin[dam],category[],type[LOOKBOOK],res[m],hmver[1],target[hm.com]&call=url[file:/product/style]', 'dataAltImage': '//lp.monki.com/app002prod?set=source[/c0/af/c0af6978b5c9ec01507472efa6444d86bfce0059.jpg],origin[dam],category[],type[DESCRIPTIVESTILLLIFE],res[m],hmver[2],target[hm.com]&call=url[file:/product/style]', 'alt': 'Oversized loose knit sweater Model', 'dataAltText': 'Oversized loose knit sweater'}]",,,False,False,Favourites|1175061004|Oversized loose knit sweater|LADIES_NEWARRIVALS : CLOTHING_CLOTHING : VIEWALL_VIEW_ALL,SAVED AS FAVOURITE,SAVE AS FAVOURITE,Monki,marker-designer-collection,,£24.99,,,,,New Arrival,3,"[{'colorCode': '#F0EFEC', 'articleLink': '/en_gb/productpage.1175061004.html', 'colorName': 'White'}, {'colorCode': '#DAB6D1', 'articleLink': '/en_gb/productpage.1175061001.html', 'colorName': 'Light pink'}, {'colorCode': '#737B48', 'articleLink': '/en_gb/productpage.1175061002.html', 'colorName': 'Green'}]",,,[],,,Monki,,",[Material] Polyester 95%, Mohair 5%, [Recycled] Recycled polyester 95%"
